variable,dtype,missing_share,nunique,top_values
za_nr,int64,0.0,1,{8830: 5246}
doi,object,0.0,1,{'https://doi.org/10.4232/1.14544': 5246}
version,object,0.0,1,"{'v1.2.0, 2025-07-30': 5246}"
eastwest,int64,0.0,2,"{1: 3567, 2: 1679}"
xs15,int64,0.0,2,"{2: 5165, 1: 81}"
substudy,int64,0.0,3,"{-15: 2003, 1: 1698, 2: 1545}"
mode,int64,0.0,3,"{2: 2003, 4: 1656, 3: 1587}"
splt23_1,int64,0.0,3,"{-15: 2003, 1: 1647, 2: 1596}"
splt23_2,int64,0.0,3,"{-15: 3243, 1: 1028, 2: 975}"
dn07,int64,0.0,3,"{1: 4562, 2: 660, -9: 24}"
dh01,int64,0.0,3,"{1: 3983, 2: 1181, -9: 82}"
hh6mstat,int64,0.0,3,"{-10: 5184, 5: 53, -9: 9}"
hh8sex,int64,0.0,3,"{-10: 5235, 1: 10, -9: 1}"
hh8mstat,int64,0.0,3,"{-10: 5235, 5: 9, -9: 2}"
sm03,int64,0.0,3,"{2: 4988, 1: 164, -9: 94}"
xs01,int64,0.0,3,"{1: 4471, 0: 705, -9: 70}"
xs02,int64,0.0,3,"{0: 4680, 1: 496, -9: 70}"
xs03,int64,0.0,3,"{0: 5029, 1: 147, -9: 70}"
xs04,int64,0.0,3,"{0: 5106, -9: 70, 1: 70}"
xs05,int64,0.0,3,"{0: 5147, -9: 70, 1: 29}"
xs14a,int64,0.0,3,"{-15: 3659, 0: 1333, 1: 254}"
xi02,int64,0.0,3,"{-15: 3243, 1: 1250, 2: 753}"
german,int64,0.0,4,"{1: 4740, 3: 343, 2: 135, -32: 28}"
xr19,int64,0.0,4,"{1: 3238, -15: 1587, 2: 420, -8: 1}"
dn04,int64,0.0,4,"{1: 5064, 2: 148, -32: 28, 0: 6}"
dn05,int64,0.0,4,"{1: 4588, -10: 371, 2: 268, -9: 19}"
mc01,int64,0.0,4,"{2: 2348, -11: 1596, 1: 1243, -9: 59}"
mc03,int64,0.0,4,"{1: 1846, 2: 1745, -11: 1596, -9: 59}"
mc04,int64,0.0,4,"{1: 2378, -11: 1596, 2: 1230, -9: 42}"
rd06,int64,0.0,4,"{-10: 5208, 2: 17, -41: 11, 1: 10}"
rd07,int64,0.0,4,"{-10: 5229, -41: 11, 5: 3, 1: 3}"
hh6sex,int64,0.0,4,"{-10: 5184, 1: 34, 2: 23, -9: 5}"
hh7sex,int64,0.0,4,"{-10: 5224, 1: 12, 2: 7, -9: 3}"
hh7mstat,int64,0.0,4,"{-10: 5224, 5: 17, -9: 4, 4: 1}"
dk05,int64,0.0,4,"{1: 2306, 3: 1678, 2: 1135, -9: 127}"
kh10sex,int64,0.0,4,"{-10: 3584, -15: 1656, -41: 5, 2: 1}"
kh10ybrn,int64,0.0,4,"{-10: 3584, -15: 1656, -41: 5, 1994: 1}"
kh10age,int64,0.0,4,"{-10: 3584, -15: 1656, -32: 5, 28: 1}"
sm01,int64,0.0,4,"{2: 4509, 1: 622, -9: 113, -7: 2}"
xr21,int64,0.0,4,"{-15: 2003, 1: 1755, 2: 1361, -9: 127}"
xs17,int64,0.0,4,"{-15: 3659, 1: 1193, 3: 268, 2: 126}"
xs16,int64,0.0,4,"{-15: 2003, 1: 1336, 2: 1003, 3: 904}"
lm27,int64,0.0,5,"{0: 2893, 1: 1906, -10: 436, -9: 7, -41: 4}"
lm28,int64,0.0,5,"{1: 3026, 0: 1773, -10: 436, -9: 7, -41: 4}"
lm29,int64,0.0,5,"{0: 2608, 1: 2191, -10: 436, -9: 7, -41: 4}"
lm30,int64,0.0,5,"{1: 4377, -10: 436, 0: 422, -9: 7, -41: 4}"
lm31,int64,0.0,5,"{0: 2735, 1: 2064, -10: 436, -9: 7, -41: 4}"
lm32,int64,0.0,5,"{0: 4291, 1: 508, -10: 436, -9: 7, -41: 4}"
lm33,int64,0.0,5,"{0: 4396, -10: 436, 1: 403, -9: 7, -41: 4}"
lm34,int64,0.0,5,"{0: 4676, -10: 436, 1: 123, -9: 7, -41: 4}"
lp03,int64,0.0,5,"{1: 2737, -11: 1647, 2: 787, -8: 54, -9: 21}"
lp06,int64,0.0,5,"{1: 2304, -11: 1647, 2: 1242, -8: 39, -9: 14}"
sex,int64,0.0,5,"{2: 2672, 1: 2546, 3: 18, -9: 9, -42: 1}"
mc02,int64,0.0,5,"{1: 2119, -11: 1596, 2: 1320, -9: 210, -42: 1}"
ra07,int64,0.0,5,"{1: 1659, 3: 1310, 2: 1140, 4: 1079, -9: 58}"
ra08,int64,0.0,5,"{3: 1467, 1: 1462, 2: 1140, 4: 1109, -9: 68}"
rb09,int64,0.0,5,"{2: 3057, 1: 1986, -8: 129, -9: 69, -42: 5}"
rb10,int64,0.0,5,"{2: 3621, 1: 1442, -8: 92, -9: 89, -42: 2}"
rb11,int64,0.0,5,"{2: 4288, 1: 762, -9: 110, -8: 85, -42: 1}"
rb12,int64,0.0,5,"{2: 3898, 1: 1143, -8: 118, -9: 81, -42: 6}"
rb13,int64,0.0,5,"{2: 2787, 1: 2300, -9: 81, -8: 74, -42: 4}"
ma08,int64,0.0,5,"{3: 2600, 1: 1516, 2: 991, -9: 130, -42: 9}"
rd02,int64,0.0,5,"{-10: 5100, 1: 85, 2: 52, -41: 7, -9: 2}"
rd04,int64,0.0,5,"{-10: 2788, 1: 1252, 2: 1196, -41: 7, -9: 3}"
va01,int64,0.0,5,"{1: 1998, 2: 1273, 3: 1037, 4: 815, -32: 123}"
va02,int64,0.0,5,"{1: 1431, 2: 1301, 3: 1258, 4: 1101, -32: 155}"
va03,int64,0.0,5,"{4: 1978, 3: 1394, 2: 1092, 1: 627, -32: 155}"
va04,int64,0.0,5,"{2: 1439, 3: 1378, 4: 1173, 1: 1100, -32: 156}"
ingle,int64,0.0,5,"{3: 1825, 2: 1603, 1: 915, 4: 762, -32: 141}"
pi01,int64,0.0,5,"{1: 2798, -11: 1647, 2: 718, -9: 80, -41: 3}"
de06,int64,0.0,5,"{0: 5054, 1: 114, -9: 51, -10: 26, -41: 1}"
de07,int64,0.0,5,"{0: 5118, -9: 51, 1: 50, -10: 26, -41: 1}"
de08,int64,0.0,5,"{0: 3903, 1: 1265, -9: 51, -10: 26, -41: 1}"
de09,int64,0.0,5,"{0: 4095, 1: 1073, -9: 51, -10: 26, -41: 1}"
de10,int64,0.0,5,"{0: 5044, 1: 124, -9: 51, -10: 26, -41: 1}"
de11,int64,0.0,5,"{0: 4740, 1: 428, -9: 51, -10: 26, -41: 1}"
de12,int64,0.0,5,"{0: 4386, 1: 782, -9: 51, -10: 26, -41: 1}"
de13,int64,0.0,5,"{0: 4711, 1: 457, -9: 51, -10: 26, -41: 1}"
de14,int64,0.0,5,"{0: 4676, 1: 492, -9: 51, -10: 26, -41: 1}"
de15,int64,0.0,5,"{0: 3974, 1: 1194, -9: 51, -10: 26, -41: 1}"
de16,int64,0.0,5,"{0: 4991, 1: 177, -9: 51, -10: 26, -41: 1}"
de05,int64,0.0,5,"{0: 4728, 1: 440, -9: 51, -10: 26, -41: 1}"
dw18,int64,0.0,5,"{2: 2426, -10: 2263, 1: 531, -9: 20, -41: 6}"
dw20,int64,0.0,5,"{-10: 3113, 2: 1612, -9: 300, 1: 215, -41: 6}"
dw22,int64,0.0,5,"{-10: 5133, 1: 58, 2: 43, -41: 6, -9: 6}"
rr02,int64,0.0,5,"{-10: 2315, 2: 1615, 1: 1257, -9: 56, -41: 3}"
scde06,int64,0.0,5,"{0: 2740, -10: 2403, 1: 57, -9: 44, -41: 2}"
scde07,int64,0.0,5,"{0: 2769, -10: 2403, -9: 44, 1: 28, -41: 2}"
scde08,int64,0.0,5,"{-10: 2403, 0: 2134, 1: 663, -9: 44, -41: 2}"
scde09,int64,0.0,5,"{-10: 2403, 0: 2264, 1: 533, -9: 44, -41: 2}"
scde10,int64,0.0,5,"{0: 2775, -10: 2403, -9: 44, 1: 22, -41: 2}"
scde11,int64,0.0,5,"{0: 2596, -10: 2403, 1: 201, -9: 44, -41: 2}"
scde12,int64,0.0,5,"{0: 2454, -10: 2403, 1: 343, -9: 44, -41: 2}"
scde13,int64,0.0,5,"{0: 2537, -10: 2403, 1: 260, -9: 44, -41: 2}"
scde14,int64,0.0,5,"{0: 2538, -10: 2403, 1: 259, -9: 44, -41: 2}"
scde15,int64,0.0,5,"{-10: 2403, 0: 2160, 1: 637, -9: 44, -41: 2}"
scde16,int64,0.0,5,"{0: 2724, -10: 2403, 1: 73, -9: 44, -41: 2}"
scde05,int64,0.0,5,"{0: 2676, -10: 2403, 1: 121, -9: 44, -41: 2}"
scdw07,int64,0.0,5,"{-10: 3858, 2: 987, 1: 358, -9: 35, -41: 8}"
dp01,int64,0.0,5,"{-10: 2841, 2: 1330, 1: 1021, -9: 52, -41: 2}"
dp03,int64,0.0,5,"{-10: 4223, 1: 636, 2: 380, -9: 5, -41: 2}"
pde06,int64,0.0,5,"{-10: 4230, 0: 986, -9: 15, 1: 13, -41: 2}"
pde07,int64,0.0,5,"{-10: 4230, 0: 992, -9: 15, 1: 7, -41: 2}"
pde08,int64,0.0,5,"{-10: 4230, 0: 761, 1: 238, -9: 15, -41: 2}"
pde09,int64,0.0,5,"{-10: 4230, 0: 868, 1: 131, -9: 15, -41: 2}"
pde10,int64,0.0,5,"{-10: 4230, 0: 990, -9: 15, 1: 9, -41: 2}"
pde11,int64,0.0,5,"{-10: 4230, 0: 957, 1: 42, -9: 15, -41: 2}"
pde12,int64,0.0,5,"{-10: 4230, 0: 863, 1: 136, -9: 15, -41: 2}"
pde13,int64,0.0,5,"{-10: 4230, 0: 927, 1: 72, -9: 15, -41: 2}"
pde14,int64,0.0,5,"{-10: 4230, 0: 927, 1: 72, -9: 15, -41: 2}"
pde15,int64,0.0,5,"{-10: 4230, 0: 728, 1: 271, -9: 15, -41: 2}"
pde16,int64,0.0,5,"{-10: 4230, 0: 978, 1: 21, -9: 15, -41: 2}"
pde05,int64,0.0,5,"{-10: 4230, 0: 897, 1: 102, -9: 15, -41: 2}"
pdw07,int64,0.0,5,"{-10: 4585, 2: 483, 1: 162, -9: 14, -41: 2}"
hh3sex,int64,0.0,5,"{-10: 3570, 1: 824, 2: 821, -9: 30, -42: 1}"
hh5sex,int64,0.0,5,"{-10: 4989, 1: 126, 2: 119, -9: 11, 3: 1}"
hh5mstat,int64,0.0,5,"{-10: 4989, 5: 228, -9: 23, 1: 5, 4: 1}"
hh8kin,int64,0.0,5,"{-10: 5235, 3: 7, 5: 2, 16: 1, -9: 1}"
dh16,int64,0.0,5,"{0: 3602, 1: 1399, -32: 223, 3: 19, 2: 3}"
kh6sex,int64,0.0,5,"{-10: 5233, -41: 5, 2: 4, -9: 3, 1: 1}"
kh7sex,int64,0.0,5,"{-10: 5235, -41: 5, 1: 3, -9: 2, 2: 1}"
kh8sex,int64,0.0,5,"{-10: 5236, -41: 5, -9: 2, 1: 2, 2: 1}"
kh9sex,int64,0.0,5,"{-10: 3583, -15: 1656, -41: 5, 2: 1, 1: 1}"
kh9yborn,int64,0.0,5,"{-10: 3583, -15: 1656, -41: 5, 1990: 1, 2004: 1}"
kh9age,int64,0.0,5,"{-10: 3583, -15: 1656, -32: 5, 32: 1, 18: 1}"
splt23_3,int64,0.0,5,"{-15: 2003, 1: 1277, 3: 1169, 4: 427, 2: 370}"
lp04,int64,0.0,6,"{2: 2046, -11: 1647, 1: 1478, -8: 52, -9: 19, -42: 4}"
lp05,int64,0.0,6,"{1: 2629, -11: 1647, 2: 887, -8: 62, -9: 20, -42: 1}"
mi06,int64,0.0,6,"{2: 1841, -11: 1596, 1: 1532, 3: 218, -9: 31, -8: 28}"
mi09,int64,0.0,6,"{2: 1808, 1: 1658, -11: 1596, 3: 135, -8: 25, -9: 24}"
dg03,int64,0.0,6,"{4: 3024, 1: 1448, -10: 474, 2: 139, 3: 128, -32: 33}"
re01,int64,0.0,6,"{5: 2765, 4: 908, 3: 849, 2: 405, 1: 272, -9: 47}"
rh02b,int64,0.0,6,"{2: 1655, -6: 1598, 3: 1405, 1: 545, -9: 40, -42: 3}"
rh03b,int64,0.0,6,"{-6: 2615, 3: 1661, 2: 772, 1: 134, -9: 60, -42: 4}"
rh08b,int64,0.0,6,"{3: 3540, 2: 1321, -6: 178, 1: 169, -9: 34, -42: 4}"
rh09b,int64,0.0,6,"{3: 4370, 2: 513, -6: 248, 1: 79, -9: 34, -42: 2}"
rh10b,int64,0.0,6,"{3: 4171, 2: 689, -6: 254, 1: 92, -9: 37, -42: 3}"
rh11b,int64,0.0,6,"{2: 2303, 1: 1418, 3: 1144, -6: 337, -9: 41, -42: 3}"
rh12b,int64,0.0,6,"{2: 2354, 3: 1183, 1: 856, -6: 812, -9: 39, -42: 2}"
rh13b,int64,0.0,6,"{2: 2526, 3: 1530, 1: 889, -6: 272, -9: 28, -42: 1}"
rb08,int64,0.0,6,"{4: 2043, 2: 1444, 3: 879, 1: 780, -9: 50, -42: 50}"
ra22,int64,0.0,6,"{4: 2952, 3: 1037, 2: 707, -9: 202, 1: 175, -8: 173}"
ra19,int64,0.0,6,"{2: 3494, 3: 1393, 1: 233, -9: 64, -8: 53, -42: 9}"
mm07,int64,0.0,6,"{3: 1654, 2: 1546, 4: 1353, 1: 608, -9: 82, -42: 3}"
pp06,int64,0.0,6,"{1: 3054, -11: 1596, 0: 363, -50: 201, -41: 16, -9: 16}"
pp10,int64,0.0,6,"{0: 2507, -11: 1596, 1: 910, -50: 201, -41: 16, -9: 16}"
pp12,int64,0.0,6,"{0: 2960, -11: 1596, 1: 457, -50: 201, -41: 16, -9: 16}"
pp18,int64,0.0,6,"{0: 3045, -11: 1596, 1: 372, -50: 201, -41: 16, -9: 16}"
pp20,int64,0.0,6,"{1: 2629, -11: 1596, 0: 788, -50: 201, -41: 16, -9: 16}"
pp22,int64,0.0,6,"{1: 1797, 0: 1620, -11: 1596, -50: 201, -41: 16, -9: 16}"
pp23,int64,0.0,6,"{0: 2052, -11: 1596, 1: 1365, -50: 201, -41: 16, -9: 16}"
pp62,int64,0.0,6,"{0: 2798, -11: 1596, 1: 619, -50: 201, -41: 16, -9: 16}"
im01,int64,0.0,6,"{1: 1890, 2: 1666, -11: 1647, -8: 28, -9: 14, -42: 1}"
is01,int64,0.0,6,"{1: 2099, -11: 1647, 2: 1181, 3: 273, -9: 45, -42: 1}"
pi07,int64,0.0,6,"{1: 1955, -11: 1647, 2: 1502, -8: 68, -9: 65, -42: 9}"
dw07,int64,0.0,6,"{-10: 2592, 2: 1848, 1: 785, -9: 12, -41: 8, -42: 1}"
dw10,int64,0.0,6,"{-10: 2263, 2: 1488, 1: 1477, -9: 8, -41: 6, -42: 4}"
dw17,int64,0.0,6,"{-10: 4956, 1: 223, 3: 33, 2: 21, -41: 8, -9: 5}"
df44,int64,0.0,6,"{1: 4193, 2: 798, 4: 113, 3: 84, -9: 56, -42: 2}"
hh2sex,int64,0.0,6,"{1: 1986, 2: 1912, -10: 1283, -9: 62, -42: 2, -41: 1}"
hh4sex,int64,0.0,6,"{-10: 4342, 1: 447, 2: 430, -9: 24, -42: 2, 3: 1}"
hh8mborn,int64,0.0,6,"{-10: 3584, -15: 1656, 4: 2, 2: 2, 5: 1, 7: 1}"
kh3sex,int64,0.0,6,"{-10: 4827, 2: 207, 1: 193, -9: 12, -41: 5, -42: 2}"
kh4sex,int64,0.0,6,"{-10: 5117, 1: 63, 2: 55, -41: 5, -9: 5, -42: 1}"
kh5sex,int64,0.0,6,"{-10: 5212, 2: 16, 1: 10, -41: 5, -9: 2, -42: 1}"
kh8age,int64,0.0,6,"{-10: 5236, -32: 6, 35: 1, 19: 1, 22: 1, 43: 1}"
rr04,int64,0.0,6,"{1: 1946, -10: 1805, 2: 1329, 3: 123, -9: 40, -42: 3}"
sm02,int64,0.0,6,"{2: 3319, 1: 1021, -10: 737, -9: 167, -8: 1, -42: 1}"
xs07,int64,0.0,6,"{-15: 3243, 1: 1675, 2: 216, 4: 63, 3: 34, 5: 15}"
xs14,int64,0.0,6,"{-15: 3590, 1: 1038, 2: 334, 3: 241, -9: 41, -42: 2}"
xt13a,int64,0.0,6,"{-15: 3590, 6: 1219, 7: 388, 5: 38, -41: 10, 8: 1}"
xi04,int64,0.0,6,"{-15: 3243, 2: 650, 5: 542, 3: 360, 1: 238, 4: 213}"
wghtpew,float64,0.0,6,"{1.2524284086434012: 1330, 1.2038247711023997: 1173, 1.2075648348440184: 1064, 0.5011444524580629: 673, 0.5445972257083529: 525, 0.5408545025487828: 481}"
la01,int64,0.0,7,"{4: 1551, 1: 1041, 2: 973, 5: 954, 3: 704, -9: 19, -42: 4}"
id01,int64,0.0,7,"{3: 2422, 2: 1775, 4: 541, 1: 442, -9: 37, -8: 25, -42: 4}"
mi07,int64,0.0,7,"{2: 2201, -11: 1596, 3: 951, 1: 446, -9: 27, -8: 24, -33: 1}"
mi08,int64,0.0,7,"{2: 1979, -11: 1596, 1: 1426, 3: 191, -8: 26, -9: 26, -33: 2}"
mi10,int64,0.0,7,"{2: 2385, -11: 1596, 1: 745, 3: 460, -8: 31, -9: 28, -42: 1}"
fr07,int64,0.0,7,"{-11: 1647, 1: 1584, 2: 983, 3: 790, 4: 224, -9: 10, -8: 8}"
fr08,int64,0.0,7,"{-11: 1647, 1: 1378, 2: 1128, 3: 839, 4: 221, -9: 18, -8: 15}"
fr05b,int64,0.0,7,"{-11: 1647, 2: 1492, 1: 1013, 3: 774, 4: 265, -8: 37, -9: 18}"
fr10,int64,0.0,7,"{4: 1728, -11: 1647, 3: 1296, 2: 426, 1: 135, -9: 11, -8: 3}"
fr11,int64,0.0,7,"{-11: 1647, 1: 1579, 2: 1197, 3: 636, 4: 167, -8: 10, -9: 10}"
ca02,int64,0.0,7,"{1: 2649, -11: 1647, 2: 716, 3: 198, 4: 19, -9: 9, -8: 8}"
ca08,int64,0.0,7,"{1: 3215, -11: 1647, 2: 313, 3: 35, 4: 22, -9: 12, -8: 2}"
ca13,int64,0.0,7,"{4: 2540, -11: 1647, 3: 629, 1: 220, 2: 170, -9: 26, -8: 14}"
agec,int64,0.0,7,"{4: 1373, 3: 1326, 2: 1190, 1: 694, 5: 595, 6: 45, -32: 23}"
rb01,int64,0.0,7,"{5: 1970, 3: 860, 4: 739, 2: 648, 1: 637, 6: 327, -9: 65}"
rb02,int64,0.0,7,"{5: 1917, 3: 917, 2: 698, 4: 598, 1: 585, 6: 433, -9: 98}"
rb04,int64,0.0,7,"{1: 2036, 2: 1998, 3: 452, 4: 316, 5: 247, 6: 140, -9: 57}"
rb06,int64,0.0,7,"{1: 1970, 2: 1923, 3: 534, 4: 297, 5: 243, 6: 215, -9: 64}"
ra04,int64,0.0,7,"{1: 3065, 2: 1743, 3: 178, 4: 116, 5: 61, 6: 51, -9: 32}"
re02,int64,0.0,7,"{5: 2575, 4: 1239, 3: 895, 2: 344, 1: 136, -9: 55, -42: 2}"
ra20,int64,0.0,7,"{4: 3526, 3: 1074, 2: 347, -9: 128, 1: 116, -8: 52, -42: 3}"
ra21,int64,0.0,7,"{4: 3919, 3: 893, 2: 155, -9: 130, 1: 79, -8: 69, -42: 1}"
rd03,int64,0.0,7,"{-10: 5084, 1: 122, 5: 19, -41: 7, 2: 5, 4: 5, 3: 4}"
pe01,int64,0.0,7,"{-11: 1596, 2: 1486, 1: 1144, 3: 868, 4: 100, -8: 27, -9: 25}"
pe02,int64,0.0,7,"{-11: 1596, 3: 1440, 2: 1009, 4: 863, 1: 282, -9: 34, -8: 22}"
pe07,int64,0.0,7,"{-11: 1596, 2: 1549, 3: 1433, 4: 299, 1: 252, -8: 78, -9: 39}"
pe09,int64,0.0,7,"{1: 2174, -11: 1596, 2: 956, 3: 316, 4: 156, -9: 32, -8: 16}"
pa02a,int64,0.0,7,"{3: 2303, 2: 1542, 4: 663, 1: 527, 5: 190, -9: 17, -42: 4}"
im07,int64,0.0,7,"{2: 1701, -11: 1647, 1: 1267, 3: 473, 4: 107, -9: 36, -8: 15}"
im09,int64,0.0,7,"{-11: 1647, 2: 1622, 1: 952, 3: 802, 4: 178, -9: 33, -8: 12}"
im10,int64,0.0,7,"{2: 1748, -11: 1647, 1: 1619, 3: 165, -9: 33, 4: 22, -8: 12}"
im18,int64,0.0,7,"{-11: 1647, 2: 1299, 3: 1229, 1: 598, 4: 408, -9: 45, -8: 20}"
iw04,int64,0.0,7,"{1: 1835, -11: 1647, 2: 1441, 3: 242, -9: 39, 4: 27, -8: 15}"
pi02,int64,0.0,7,"{-11: 1647, 2: 1236, 3: 992, -10: 798, 1: 537, -9: 33, -41: 3}"
im27,int64,0.0,7,"{1: 2790, -11: 1647, 2: 683, 3: 56, -9: 40, 4: 25, 5: 5}"
im29,int64,0.0,7,"{-11: 1647, 5: 951, 3: 928, 4: 789, 2: 651, 1: 207, -9: 73}"
isced97,int64,0.0,7,"{5: 2283, 3: 2038, 4: 408, 2: 287, 6: 127, -32: 60, 1: 43}"
work,int64,0.0,7,"{1: 2193, 4: 1849, 2: 784, 3: 385, -9: 29, -42: 3, -41: 3}"
dw16,int64,0.0,7,"{-10: 2592, 1: 2326, 3: 207, 2: 101, -9: 9, -41: 8, -42: 3}"
hs01,int64,0.0,7,"{2: 2071, 3: 1470, 1: 864, 4: 616, 5: 188, -9: 32, -42: 5}"
rr01,int64,0.0,7,"{2: 2082, 1: 1691, 3: 1251, -50: 107, -9: 65, -8: 48, -42: 2}"
scagec,int64,0.0,7,"{-10: 2403, 5: 921, 4: 874, 3: 622, 6: 330, 2: 59, -32: 37}"
pwork,int64,0.0,7,"{-10: 4223, 1: 633, 4: 196, 2: 115, 3: 72, -9: 5, -41: 2}"
fiscd975,int64,0.0,7,"{3: 2303, 5: 1578, 2: 515, -32: 493, 4: 149, 1: 148, -10: 60}"
miscd975,int64,0.0,7,"{3: 2332, 2: 1213, 5: 864, -32: 455, 1: 201, 4: 173, -10: 8}"
hh4mstat,int64,0.0,7,"{-10: 4342, 5: 768, -9: 105, 1: 20, -41: 5, 4: 5, -33: 1}"
hh6kin,int64,0.0,7,"{-10: 5184, 3: 37, 5: 12, -9: 5, 16: 4, 4: 2, 7: 2}"
dh15,int64,0.0,7,"{11: 2038, 20: 1713, 10: 1181, -32: 195, 60: 73, 30: 43, 40: 3}"
kh1sex,int64,0.0,7,"{-10: 2948, 2: 1126, 1: 1118, -9: 44, -41: 5, -42: 4, 3: 1}"
kh2sex,int64,0.0,7,"{-10: 3816, 2: 703, 1: 697, -9: 19, -41: 5, -42: 5, 3: 1}"
kh7age,int64,0.0,7,"{-10: 5235, -32: 6, 36: 1, 49: 1, 22: 1, 27: 1, 46: 1}"
kh8yborn,int64,0.0,7,"{-10: 5236, -41: 5, 1987: 1, 2003: 1, -9: 1, 2000: 1, 1979: 1}"
gs01,int64,0.0,7,"{3: 1890, 4: 1417, 1: 1135, 2: 665, -9: 79, 5: 56, -42: 4}"
pn12,int64,0.0,7,"{2: 1702, -11: 1596, 3: 1005, 1: 688, 4: 199, -9: 50, -8: 6}"
pn13,int64,0.0,7,"{2: 1766, -11: 1596, 3: 1086, 1: 532, 4: 185, -9: 70, -8: 11}"
pn16,int64,0.0,7,"{2: 1948, -11: 1596, 3: 916, 1: 566, 4: 143, -9: 67, -8: 10}"
pr05,int64,0.0,7,"{-11: 1647, 2: 1615, 1: 892, 3: 683, 4: 162, -8: 146, -9: 101}"
pr10,int64,0.0,7,"{-11: 1647, 2: 1101, 3: 1040, 4: 647, 1: 551, -8: 135, -9: 125}"
xt13,int64,0.0,7,"{6: 2248, 5: 1984, 7: 644, 8: 218, 4: 90, -9: 51, 9: 11}"
xt10c,int64,0.0,7,"{2: 1256, 3: 1032, 4: 983, 1: 745, 5: 736, 6: 274, -32: 220}"
wghthew,float64,0.0,7,"{1.245680308806253: 1300, 1.1954020125831686: 1109, 1.2084551186903196: 968, 0.518273904301465: 663, 0.5648577671591687: 498, 0.5515898780172678: 450, 0.0: 258}"
ep01,int64,0.0,8,"{3: 2684, 2: 1338, 4: 919, 5: 158, 1: 95, -9: 41, -8: 7, -42: 4}"
ep03,int64,0.0,8,"{2: 2740, 3: 1565, 4: 460, 1: 372, 5: 77, -9: 29, -42: 2, -8: 1}"
ep04,int64,0.0,8,"{4: 2067, 3: 1836, 2: 813, 5: 438, -9: 37, 1: 34, -8: 16, -42: 5}"
ep06,int64,0.0,8,"{3: 3153, 2: 903, 4: 876, 1: 138, 5: 126, -9: 33, -8: 15, -42: 2}"
li09,int64,0.0,8,"{1: 2889, 2: 719, 3: 498, 4: 412, 5: 295, 7: 205, 6: 184, -9: 44}"
li08,int64,0.0,8,"{5: 1239, 4: 1125, 6: 936, 3: 678, 7: 567, 2: 416, 1: 260, -9: 25}"
vg01,int64,0.0,8,"{-11: 2571, 3: 1026, 2: 700, 4: 430, 1: 354, 5: 123, 6: 22, -9: 20}"
vg02,int64,0.0,8,"{-11: 2571, 5: 1231, 4: 792, 3: 291, 6: 274, 2: 55, -9: 22, 1: 10}"
vg06,int64,0.0,8,"{-11: 2571, 5: 1258, 6: 589, 4: 573, 3: 178, 2: 47, -9: 20, 1: 10}"
vg09,int64,0.0,8,"{-11: 2571, 4: 795, 3: 770, 5: 560, 2: 358, 6: 103, 1: 59, -9: 30}"
st01,int64,0.0,8,"{-11: 1647, 3: 1463, 2: 1225, 1: 865, -42: 22, -9: 12, 4: 7, -8: 5}"
mi05,int64,0.0,8,"{2: 1805, 1: 1711, -11: 1596, 3: 91, -9: 24, -8: 17, -33: 1, -42: 1}"
mi11,int64,0.0,8,"{1: 1689, -11: 1596, 2: 1588, 3: 303, -9: 35, -8: 32, -33: 2, -42: 1}"
fr03b,int64,0.0,8,"{-11: 1647, 3: 1285, 4: 1098, 2: 817, 1: 366, -9: 16, -8: 16, -42: 1}"
fr04b,int64,0.0,8,"{4: 1794, -11: 1647, 3: 1136, 2: 440, 1: 209, -8: 13, -9: 6, -42: 1}"
fr09,int64,0.0,8,"{-11: 1647, 3: 1414, 2: 935, 4: 913, 1: 317, -8: 11, -9: 8, -42: 1}"
fr12,int64,0.0,8,"{1: 2400, -11: 1647, 2: 964, 3: 163, 4: 59, -8: 8, -9: 4, -42: 1}"
ca03,int64,0.0,8,"{-11: 1647, 4: 1206, 3: 1187, 2: 667, 1: 467, -9: 37, -8: 33, -42: 2}"
ca04,int64,0.0,8,"{-11: 1647, 4: 1493, 3: 1353, 1: 360, 2: 310, -8: 43, -9: 38, -42: 2}"
ca05,int64,0.0,8,"{-11: 1647, 2: 1511, 3: 988, 1: 927, 4: 138, -9: 20, -8: 13, -42: 2}"
ca06,int64,0.0,8,"{-11: 1647, 3: 1489, 2: 1187, 1: 660, 4: 241, -9: 17, -8: 3, -42: 2}"
ca12,int64,0.0,8,"{-11: 1647, 3: 1198, 1: 1015, 2: 839, 4: 495, -8: 25, -9: 23, -42: 4}"
ca14,int64,0.0,8,"{-11: 1647, 2: 1497, 1: 1337, 3: 613, 4: 109, -9: 25, -8: 17, -42: 1}"
pn11,int64,0.0,8,"{-11: 1596, 2: 1385, 3: 890, 1: 635, 4: 418, -50: 220, -9: 100, -42: 2}"
ra01,int64,0.0,8,"{5: 2587, 4: 778, 3: 713, 2: 503, 1: 329, 6: 294, -9: 41, -42: 1}"
ra02,int64,0.0,8,"{5: 1778, 3: 1156, 2: 786, 4: 588, 1: 506, 6: 376, -9: 55, -42: 1}"
ra03,int64,0.0,8,"{1: 2571, 2: 1992, 3: 282, 4: 170, 5: 113, 6: 79, -9: 38, -42: 1}"
ra05,int64,0.0,8,"{5: 3572, 4: 761, 3: 341, 6: 267, 2: 172, 1: 85, -9: 45, -42: 3}"
ra06,int64,0.0,8,"{5: 3936, 4: 449, 6: 328, 3: 321, 2: 92, 1: 75, -9: 44, -42: 1}"
rp06,int64,0.0,8,"{6: 1331, 7: 1255, 2: 694, 1: 591, 3: 527, 5: 416, 4: 411, -9: 21}"
rd08,int64,0.0,8,"{-10: 4065, 5: 312, 3: 249, 2: 199, 4: 192, 1: 163, -9: 55, -41: 11}"
rd09,int64,0.0,8,"{-10: 4065, 1: 411, 5: 232, 2: 180, 4: 156, 3: 141, -9: 50, -41: 11}"
rd10,int64,0.0,8,"{-10: 4065, 5: 368, 4: 236, 1: 222, 3: 159, 2: 132, -9: 53, -41: 11}"
rd13,int64,0.0,8,"{-10: 4065, 5: 405, 1: 312, 4: 199, 3: 128, 2: 85, -9: 41, -41: 11}"
rd14,int64,0.0,8,"{-10: 4065, 5: 489, 4: 204, 1: 163, 3: 154, 2: 126, -9: 34, -41: 11}"
rd15,int64,0.0,8,"{-10: 4065, 5: 554, 4: 257, 3: 159, 1: 101, 2: 61, -9: 38, -41: 11}"
rd16,int64,0.0,8,"{-10: 4065, 5: 691, 4: 172, 1: 105, 3: 94, 2: 64, -9: 44, -41: 11}"
rd17,int64,0.0,8,"{-10: 4065, 1: 581, 2: 208, 3: 182, 4: 83, 5: 74, -9: 42, -41: 11}"
rd19,int64,0.0,8,"{-10: 4065, 1: 988, 2: 63, -9: 49, 3: 27, 4: 22, 5: 21, -41: 11}"
rd20,int64,0.0,8,"{-10: 4065, 3: 295, 5: 290, 4: 212, 1: 207, 2: 131, -9: 35, -41: 11}"
pe04,int64,0.0,8,"{-11: 1596, 3: 1430, 2: 1010, 4: 810, 1: 363, -9: 24, -8: 12, -42: 1}"
pe05,int64,0.0,8,"{-11: 1596, 3: 1476, 2: 1399, 4: 578, 1: 149, -9: 29, -8: 18, -42: 1}"
pe06,int64,0.0,8,"{3: 1604, -11: 1596, 2: 899, 4: 845, 1: 258, -9: 32, -8: 9, -42: 3}"
pe08,int64,0.0,8,"{2: 1641, -11: 1596, 3: 1340, 1: 386, 4: 189, -8: 50, -9: 43, -42: 1}"
pa29,int64,0.0,8,"{1: 1827, -11: 1596, 2: 1013, 3: 608, 4: 115, -9: 30, -8: 29, 5: 28}"
pa30,int64,0.0,8,"{-11: 1596, 1: 1406, 2: 1144, 3: 845, 4: 186, 5: 29, -9: 23, -8: 17}"
pa32,int64,0.0,8,"{-11: 1596, 3: 1242, 4: 820, 2: 723, 1: 429, 5: 299, -8: 80, -9: 57}"
pa34,int64,0.0,8,"{-11: 1596, 3: 1205, 4: 878, 2: 716, 5: 429, 1: 347, -8: 40, -9: 35}"
im02,int64,0.0,8,"{-11: 1647, 2: 1242, 3: 1102, 4: 688, 1: 466, -9: 64, -8: 36, -42: 1}"
im03,int64,0.0,8,"{1: 2281, -11: 1647, 2: 1059, 3: 201, 4: 34, -9: 17, -8: 5, -42: 2}"
im04,int64,0.0,8,"{3: 1715, -11: 1647, 2: 1157, 4: 372, 1: 279, -9: 46, -8: 29, -42: 1}"
im05,int64,0.0,8,"{-11: 1647, 2: 1520, 3: 1237, 1: 474, 4: 319, -9: 35, -8: 11, -42: 3}"
im06,int64,0.0,8,"{-11: 1647, 2: 1632, 1: 1508, 3: 381, 4: 53, -9: 17, -8: 6, -42: 2}"
im08,int64,0.0,8,"{1: 1747, -11: 1647, 2: 1452, 3: 325, 4: 42, -9: 26, -8: 4, -42: 3}"
im11,int64,0.0,8,"{-11: 1647, 2: 1490, 1: 880, 3: 865, 4: 315, -9: 29, -8: 18, -42: 2}"
im12,int64,0.0,8,"{-11: 1647, 4: 1276, 3: 1265, 2: 669, 1: 285, -8: 52, -9: 50, -42: 2}"
im17,int64,0.0,8,"{-11: 1647, 2: 1571, 3: 1285, 1: 471, 4: 195, -9: 45, -8: 31, -42: 1}"
im19,int64,0.0,8,"{-11: 1647, 3: 1408, 2: 1189, 4: 507, 1: 391, -9: 60, -8: 43, -42: 1}"
im20,int64,0.0,8,"{-11: 1647, 3: 1309, 2: 1280, 4: 595, 1: 295, -9: 62, -8: 57, -42: 1}"
im21,int64,0.0,8,"{3: 1694, -11: 1647, 4: 922, 2: 783, 1: 117, -9: 51, -8: 30, -42: 2}"
pd11,int64,0.0,8,"{2: 1737, -11: 1647, 1: 1476, 3: 289, -9: 43, 4: 43, -8: 10, -42: 1}"
im22,int64,0.0,8,"{1: 2356, -11: 1647, 2: 984, 3: 139, 4: 59, -9: 36, 5: 24, -42: 1}"
im28,int64,0.0,8,"{-11: 1647, 5: 1159, 4: 922, 3: 698, 2: 499, 1: 269, -9: 51, -42: 1}"
mstat,int64,0.0,8,"{1: 2841, 5: 1463, 4: 459, 3: 355, 2: 88, -9: 38, -42: 1, -41: 1}"
sciscd97,int64,0.0,8,"{-10: 2403, 5: 1215, 3: 1145, 4: 206, 2: 134, 6: 90, -32: 30, 1: 23}"
scwork,int64,0.0,8,"{-10: 2403, 1: 1151, 4: 1099, 2: 428, 3: 135, -9: 24, -41: 5, -42: 1}"
pagec,int64,0.0,8,"{-10: 4223, 3: 338, 2: 294, 4: 207, 5: 112, 6: 47, -32: 22, 1: 3}"
pisced97,int64,0.0,8,"{-10: 4223, 5: 422, 3: 411, 4: 94, 2: 46, 6: 25, -32: 17, 1: 8}"
pdw03,int64,0.0,8,"{-10: 4976, 2: 112, 1: 87, 6: 32, 4: 18, 3: 17, -41: 2, -42: 2}"
dh09,int64,0.0,8,"{2: 3016, 1: 1278, 3: 484, -32: 258, 4: 173, 5: 30, 6: 6, 7: 1}"
hh2mstat,int64,0.0,8,"{1: 2839, -10: 1283, 5: 749, 4: 151, 3: 100, -9: 79, 2: 42, -41: 3}"
hh7kin,int64,0.0,8,"{-10: 5224, 3: 12, 5: 3, -9: 3, 4: 1, 16: 1, 7: 1, 9: 1}"
kh6age,int64,0.0,8,"{-10: 5233, -32: 7, 40: 1, 56: 1, 31: 1, 27: 1, 28: 1, 47: 1}"
kh7yborn,int64,0.0,8,"{-10: 5235, -41: 5, 1986: 1, 1974: 1, 2000: 1, -9: 1, 1995: 1, 1976: 1}"
pn17,int64,0.0,8,"{-11: 1596, 2: 1385, 3: 1382, 4: 465, 1: 309, -9: 78, -8: 30, -42: 1}"
pr04,int64,0.0,8,"{-11: 1647, 2: 1374, 3: 973, 1: 776, 4: 199, -8: 175, -9: 101, -42: 1}"
pr07,int64,0.0,8,"{-11: 1647, 3: 1542, 4: 1306, 2: 454, -8: 112, -9: 105, 1: 79, -42: 1}"
pr09,int64,0.0,8,"{-11: 1647, 1: 1134, 2: 1079, 3: 810, 4: 360, -8: 114, -9: 100, -42: 2}"
mp16,int64,0.0,8,"{-11: 1647, 2: 1365, 1: 922, 3: 789, 4: 354, -9: 80, 5: 50, -8: 39}"
mp17,int64,0.0,8,"{-11: 1647, 2: 1511, 3: 935, 1: 931, -9: 79, 4: 78, -8: 40, 5: 25}"
mp18,int64,0.0,8,"{-11: 1647, 2: 1236, 3: 870, 4: 773, 1: 511, 5: 87, -9: 83, -8: 39}"
mp19,int64,0.0,8,"{-11: 1647, 4: 1005, 3: 921, 2: 849, 1: 522, 5: 173, -9: 83, -8: 46}"
pi08,int64,0.0,8,"{4: 1812, -11: 1647, 3: 1355, 2: 270, 1: 70, -9: 52, -42: 20, -8: 20}"
xs06a,int64,0.0,8,"{-10: 4471, 1: 253, 2: 208, 3: 151, -9: 83, 4: 54, 5: 25, -42: 1}"
xt02,int64,0.0,8,"{6: 2171, 5: 2024, 7: 600, 8: 218, -9: 130, 4: 90, 9: 11, -41: 2}"
li01,int64,0.0,9,"{7: 4140, 6: 472, 5: 228, 4: 115, 1: 101, 3: 89, 2: 75, -9: 25, -42: 1}"
li02,int64,0.0,9,"{6: 1281, 7: 1280, 5: 1152, 1: 551, 4: 457, -9: 220, 3: 184, 2: 120, -42: 1}"
li03,int64,0.0,9,"{7: 2000, 6: 1589, 5: 989, 4: 408, 3: 146, 2: 44, -9: 39, 1: 30, -42: 1}"
li04,int64,0.0,9,"{6: 1767, 7: 1534, 5: 1102, 4: 509, 3: 195, 2: 74, 1: 37, -9: 24, -42: 4}"
li05,int64,0.0,9,"{6: 1308, 7: 1197, 5: 1115, 4: 773, 3: 441, 2: 219, 1: 150, -9: 41, -42: 2}"
li10,int64,0.0,9,"{1: 2537, 2: 691, 4: 478, 3: 473, 5: 382, 7: 341, 6: 287, -9: 47, -42: 10}"
li07,int64,0.0,9,"{5: 1385, 4: 1272, 6: 874, 3: 687, 7: 410, 2: 311, 1: 240, -9: 65, -42: 2}"
vg03,int64,0.0,9,"{-11: 2571, 4: 864, 5: 709, 3: 669, 2: 220, 6: 165, 1: 29, -9: 17, -42: 2}"
vg04,int64,0.0,9,"{-11: 2571, 5: 942, 4: 784, 3: 452, 6: 243, 2: 177, 1: 53, -9: 21, -42: 3}"
vg05,int64,0.0,9,"{-11: 2571, 3: 733, 4: 664, 5: 545, 2: 457, 1: 144, 6: 109, -9: 20, -42: 3}"
vg07,int64,0.0,9,"{-11: 2571, 3: 775, 4: 650, 5: 489, 2: 480, 1: 133, 6: 123, -9: 24, -42: 1}"
vg08,int64,0.0,9,"{-11: 2571, 5: 1066, 4: 734, 6: 341, 3: 338, 2: 148, 1: 28, -9: 19, -42: 1}"
vg10,int64,0.0,9,"{-11: 2571, 4: 696, 3: 680, 5: 650, 2: 366, 6: 178, 1: 79, -9: 25, -42: 1}"
vi01,int64,0.0,9,"{-11: 2675, 7: 1158, 6: 867, 5: 349, 4: 111, 3: 52, 2: 18, 1: 10, -9: 6}"
vi02,int64,0.0,9,"{-11: 2675, 5: 848, 6: 580, 4: 565, 7: 263, 3: 182, 2: 72, 1: 50, -9: 11}"
vi10,int64,0.0,9,"{-11: 2675, 4: 521, 3: 515, 5: 429, 2: 389, 1: 384, 6: 219, 7: 97, -9: 17}"
vi11,int64,0.0,9,"{-11: 2675, 7: 698, 6: 673, 5: 561, 4: 358, 3: 149, 2: 63, 1: 53, -9: 16}"
vi12,int64,0.0,9,"{-11: 2675, 1: 1055, 7: 312, 2: 288, 6: 255, 4: 234, 3: 216, 5: 196, -9: 15}"
vi13,int64,0.0,9,"{-11: 2675, 6: 876, 7: 615, 5: 503, 4: 218, 1: 153, 3: 84, -9: 75, 2: 47}"
vi14,int64,0.0,9,"{-11: 2675, 6: 789, 7: 701, 5: 564, 4: 302, 3: 102, 1: 54, 2: 40, -9: 19}"
ma04,int64,0.0,9,"{1: 2636, -11: 1596, 2: 357, 4: 188, 3: 171, 7: 140, 5: 77, 6: 46, -9: 35}"
mp06,int64,0.0,9,"{1: 1764, -11: 1596, 2: 825, 4: 381, 3: 369, 5: 142, 6: 65, 7: 64, -9: 40}"
mn01,int64,0.0,9,"{-11: 1596, 1: 1470, 7: 502, 2: 449, 4: 343, 5: 318, 3: 270, 6: 268, -9: 30}"
mn07,int64,0.0,9,"{7: 2185, -11: 1596, 6: 654, 5: 323, 4: 217, 3: 103, 1: 72, 2: 71, -9: 25}"
mn08,int64,0.0,9,"{-11: 1596, 7: 1568, 6: 902, 5: 537, 4: 318, 3: 132, 2: 94, 1: 77, -9: 22}"
mn09,int64,0.0,9,"{7: 2389, -11: 1596, 6: 606, 5: 285, 4: 167, 3: 76, 1: 64, 2: 34, -9: 29}"
rd01,int64,0.0,9,"{6: 2451, 3: 1161, 1: 1135, 5: 155, 4: 139, 2: 100, -7: 73, -9: 25, -42: 7}"
rd05,int64,0.0,9,"{-10: 3987, 1: 713, 3: 457, 2: 39, 4: 27, -41: 7, 5: 6, -9: 6, -42: 4}"
rd11,int64,0.0,9,"{-10: 4065, 5: 407, 4: 240, 1: 191, 3: 151, 2: 143, -9: 37, -41: 11, -42: 1}"
rd12,int64,0.0,9,"{-10: 4065, 1: 897, 2: 97, -9: 56, 3: 52, 5: 39, 4: 28, -41: 11, -42: 1}"
rd18,int64,0.0,9,"{-10: 4065, 5: 389, 1: 218, 4: 196, 3: 187, 2: 140, -9: 39, -41: 11, -42: 1}"
pt01,int64,0.0,9,"{-11: 1596, 5: 1009, 6: 907, 4: 607, 7: 401, 3: 394, 2: 205, 1: 111, -9: 16}"
pt04,int64,0.0,9,"{-11: 1596, 5: 1089, 4: 868, 6: 691, 3: 419, 2: 206, 7: 198, 1: 118, -9: 61}"
pt19,int64,0.0,9,"{-11: 1596, 4: 897, 3: 634, 5: 623, 1: 502, 2: 486, 6: 309, -9: 121, 7: 78}"
pt20,int64,0.0,9,"{-11: 1596, 4: 820, 5: 652, 3: 650, 1: 520, 2: 452, 6: 344, -9: 113, 7: 99}"
pa31,int64,0.0,9,"{-11: 1596, 3: 1194, 4: 824, 2: 715, 1: 537, 5: 308, -8: 42, -9: 29, -42: 1}"
pa33,int64,0.0,9,"{-11: 1596, 3: 1086, 2: 812, 4: 779, 1: 676, 5: 237, -9: 37, -8: 22, -42: 1}"
pa35,int64,0.0,9,"{-11: 1596, 3: 1269, 2: 817, 4: 740, 1: 535, 5: 232, -9: 33, -8: 23, -42: 1}"
iscd11,int64,0.0,9,"{3: 2038, 7: 1128, 5: 750, 4: 408, 6: 405, 2: 287, 8: 127, -32: 60, 1: 43}"
dw19c,int64,0.0,9,"{-10: 4709, 4: 110, 5: 105, 3: 100, 2: 98, 6: 87, -9: 16, 1: 14, -41: 7}"
dw03,int64,0.0,9,"{-10: 3006, 2: 1589, 1: 256, 6: 146, 4: 125, 3: 107, 5: 6, -41: 6, -9: 5}"
dw23c,int64,0.0,9,"{-10: 4918, 6: 123, 5: 63, -9: 42, 4: 40, 2: 27, 3: 20, -41: 9, 1: 4}"
rp02,int64,0.0,9,"{-10: 5084, 6: 46, 5: 29, 2: 26, 3: 21, 4: 19, 1: 10, -41: 7, -9: 4}"
rp04b,int64,0.0,9,"{7: 2834, 6: 870, 1: 587, 5: 347, 2: 265, 4: 168, 3: 116, -9: 57, -42: 2}"
pde17,int64,0.0,9,"{-10: 5172, 3: 27, 1: 24, 7: 9, 2: 6, 5: 4, -41: 2, -42: 1, -9: 1}"
hh3mstat,int64,0.0,9,"{-10: 3570, 5: 1252, 1: 220, -9: 172, 4: 17, -41: 10, 3: 3, -33: 1, 2: 1}"
hh7mborn,int64,0.0,9,"{-10: 3580, -15: 1656, 12: 2, 7: 2, 3: 2, 8: 1, 4: 1, 9: 1, 10: 1}"
dh12,int64,0.0,9,"{11: 2700, 51: 717, 52: 579, 21: 440, 41: 268, -32: 202, 22: 156, 42: 131, 33: 53}"
dk11,int64,0.0,9,"{0: 3602, 1: 724, 2: 571, -32: 172, 3: 146, 4: 18, 5: 7, 6: 4, 7: 2}"
kh6yborn,int64,0.0,9,"{-10: 5233, -41: 5, -9: 2, 1982: 1, 1967: 1, 1991: 1, 1995: 1, 1994: 1, 1975: 1}"
xr20,int64,0.0,10,"{1: 3703, 2: 524, -10: 421, 3: 363, 4: 112, 5: 100, 6: 15, -9: 5, -42: 2, -8: 1}"
id02,int64,0.0,10,"{3: 2868, 2: 1251, 4: 793, 1: 223, 5: 54, -50: 15, -7: 13, -42: 11, -8: 10, -9: 8}"
vi03,int64,0.0,10,"{-11: 2675, 4: 665, 3: 516, 1: 445, 2: 402, 5: 373, 6: 103, 7: 47, -9: 19, -42: 1}"
vi04,int64,0.0,10,"{-11: 2675, 6: 718, 5: 654, 7: 507, 4: 406, 3: 154, 2: 68, 1: 47, -9: 16, -42: 1}"
vi05,int64,0.0,10,"{-11: 2675, 7: 908, 6: 862, 5: 469, 4: 213, 3: 67, 2: 23, -9: 17, 1: 11, -42: 1}"
vi06,int64,0.0,10,"{-11: 2675, 5: 663, 6: 581, 4: 569, 7: 314, 3: 243, 2: 122, 1: 58, -9: 19, -42: 2}"
vi07,int64,0.0,10,"{-11: 2675, 4: 651, 5: 566, 3: 400, 6: 319, 2: 302, 7: 159, 1: 143, -9: 29, -42: 2}"
vi08,int64,0.0,10,"{-11: 2675, 6: 859, 7: 680, 5: 581, 4: 271, 3: 99, 2: 44, 1: 22, -9: 14, -42: 1}"
vi09,int64,0.0,10,"{-11: 2675, 5: 672, 6: 651, 4: 532, 7: 341, 3: 194, 2: 90, 1: 72, -9: 17, -42: 2}"
dm02c,int64,0.0,10,"{-10: 4586, 8: 215, 6: 171, 5: 85, 7: 61, 4: 51, 2: 46, 3: 29, -9: 1, 1: 1}"
ma01b,int64,0.0,10,"{-11: 1596, 7: 1143, 5: 753, 4: 592, 6: 540, 3: 298, 2: 168, 1: 129, -9: 26, -42: 1}"
ma02,int64,0.0,10,"{-11: 1596, 1: 1455, 2: 625, 4: 516, 3: 480, 5: 245, 7: 196, 6: 91, -9: 40, -42: 2}"
ma03,int64,0.0,10,"{-11: 1596, 1: 1506, 2: 553, 4: 454, 3: 407, 7: 292, 5: 245, 6: 145, -9: 46, -42: 2}"
mp02,int64,0.0,10,"{-11: 1596, 4: 727, 1: 627, 2: 493, 7: 485, 5: 479, 3: 461, 6: 325, -9: 52, -42: 1}"
mp04,int64,0.0,10,"{-11: 1596, 1: 634, 4: 617, 2: 519, 7: 510, 3: 490, 5: 462, 6: 352, -9: 65, -42: 1}"
mp05,int64,0.0,10,"{-11: 1596, 4: 792, 5: 601, 3: 454, 1: 443, 6: 427, 7: 420, 2: 420, -9: 92, -42: 1}"
mp07,int64,0.0,10,"{-11: 1596, 1: 700, 4: 684, 2: 539, 5: 463, 3: 406, 7: 378, 6: 354, -9: 123, -42: 3}"
mp10,int64,0.0,10,"{-11: 1596, 4: 767, 5: 712, 6: 515, 7: 421, 3: 418, 1: 406, 2: 357, -9: 53, -42: 1}"
mp12,int64,0.0,10,"{-11: 1596, 5: 723, 4: 653, 6: 652, 7: 546, 3: 413, 2: 316, 1: 304, -9: 41, -42: 2}"
mn02,int64,0.0,10,"{-11: 1596, 1: 1585, 2: 521, 7: 361, 4: 352, 3: 283, 5: 283, 6: 232, -9: 31, -42: 2}"
mn03,int64,0.0,10,"{7: 1760, -11: 1596, 6: 861, 5: 548, 4: 250, 3: 110, 1: 61, 2: 45, -9: 14, -42: 1}"
mn04,int64,0.0,10,"{-11: 1596, 7: 825, 6: 743, 5: 736, 4: 543, 1: 287, 3: 280, 2: 209, -9: 26, -42: 1}"
mn05,int64,0.0,10,"{-11: 1596, 7: 1191, 6: 779, 5: 690, 4: 472, 3: 240, 2: 136, 1: 121, -9: 20, -42: 1}"
mn06,int64,0.0,10,"{1: 2544, -11: 1596, 2: 411, 4: 228, 3: 216, 5: 108, 7: 55, 6: 55, -9: 30, -42: 3}"
mg01,int64,0.0,10,"{-11: 1596, 2: 1037, 3: 756, 4: 652, 5: 419, 1: 399, 6: 146, -8: 112, 7: 81, -9: 48}"
mg05,int64,0.0,10,"{-11: 1596, 1: 1048, 2: 828, 4: 478, 3: 429, -8: 296, 5: 250, 6: 132, 7: 95, -9: 94}"
mg06,int64,0.0,10,"{-11: 1596, 2: 1075, 3: 721, 4: 615, 1: 550, 5: 336, 6: 137, -8: 90, 7: 74, -9: 52}"
mm05,int64,0.0,10,"{-11: 1647, 7: 868, 1: 819, 4: 453, 6: 443, 5: 334, 2: 271, 3: 221, -8: 118, -9: 72}"
mm06,int64,0.0,10,"{-11: 1647, 7: 686, 4: 561, 2: 509, 5: 475, 6: 381, 3: 369, 1: 328, -8: 188, -9: 102}"
pt02,int64,0.0,10,"{-11: 1596, 6: 960, 5: 747, 7: 729, 4: 516, 3: 267, 2: 185, 1: 138, -9: 107, -42: 1}"
pt03,int64,0.0,10,"{-11: 1596, 4: 837, 5: 820, 3: 556, 6: 472, 2: 386, 1: 365, 7: 156, -9: 55, -42: 3}"
pt06,int64,0.0,10,"{1: 1633, -11: 1596, 2: 640, 3: 462, 4: 419, 5: 214, -9: 159, 6: 83, 7: 38, -42: 2}"
pt07,int64,0.0,10,"{-11: 1596, 1: 1110, 4: 568, 2: 558, 3: 547, 5: 391, -9: 207, 6: 196, 7: 68, -42: 5}"
pt08,int64,0.0,10,"{-11: 1596, 6: 901, 5: 899, 4: 693, 3: 415, 7: 308, 2: 220, 1: 167, -9: 46, -42: 1}"
pt09,int64,0.0,10,"{-11: 1596, 4: 810, 3: 791, 2: 727, 1: 638, 5: 451, 6: 168, 7: 33, -9: 29, -42: 3}"
pt10,int64,0.0,10,"{-11: 1596, 4: 895, 3: 751, 5: 619, 2: 600, 1: 418, 6: 278, 7: 49, -9: 36, -42: 4}"
pt11,int64,0.0,10,"{-11: 1596, 6: 1118, 5: 1026, 4: 583, 7: 406, 3: 246, -9: 122, 2: 90, 1: 57, -42: 2}"
pt12,int64,0.0,10,"{-11: 1596, 5: 786, 4: 757, 3: 551, 1: 513, 6: 451, 2: 417, 7: 132, -9: 40, -42: 3}"
pt14,int64,0.0,10,"{-11: 1596, 6: 1103, 5: 970, 4: 599, 7: 381, 3: 317, 2: 167, 1: 87, -9: 24, -42: 2}"
pt15,int64,0.0,10,"{-11: 1596, 4: 971, 3: 774, 2: 620, 1: 539, 5: 522, 6: 132, -9: 63, 7: 28, -42: 1}"
pd12,int64,0.0,10,"{1: 2317, -11: 1596, 2: 906, 3: 266, 4: 54, -8: 37, -9: 30, 5: 28, 6: 9, -42: 3}"
ps03,int64,0.0,10,"{-11: 1596, 2: 1493, 3: 803, 4: 501, 5: 378, 1: 265, 6: 181, -9: 17, -8: 11, -42: 1}"
ps01,int64,0.0,10,"{-11: 1596, 3: 971, 4: 811, 5: 738, 6: 549, 2: 505, 1: 40, -9: 18, -8: 16, -42: 2}"
educ,int64,0.0,10,"{5: 1847, 3: 1639, 2: 905, 4: 625, 1: 77, -9: 54, -33: 54, 7: 26, 6: 18, -41: 1}"
rp01,int64,0.0,10,"{6: 2582, 5: 1440, 4: 610, 3: 217, -10: 155, 2: 140, 1: 57, -9: 36, -41: 7, -42: 2}"
sceduc,int64,0.0,10,"{-10: 2403, 3: 969, 5: 901, 2: 578, 4: 294, 1: 42, -9: 33, -33: 20, 6: 4, -41: 2}"
scde17,int64,0.0,10,"{-10: 4985, 3: 157, 1: 39, 7: 29, 2: 19, 5: 10, -9: 3, -41: 2, -42: 1, 4: 1}"
sciscd11,int64,0.0,10,"{-10: 2403, 3: 1144, 7: 635, 5: 423, 4: 206, 6: 158, 2: 134, 8: 90, -32: 30, 1: 23}"
scdw03,int64,0.0,10,"{-10: 4006, 2: 944, 4: 119, 6: 83, 3: 67, 1: 9, -42: 6, -41: 6, -9: 5, 5: 1}"
piscd11,int64,0.0,10,"{-10: 4223, 3: 411, 7: 198, 6: 118, 5: 106, 4: 94, 2: 46, 8: 25, -32: 17, 1: 8}"
vm16,int64,0.0,10,"{7: 2192, -11: 1647, 6: 509, -8: 263, 4: 216, -9: 168, 5: 160, 1: 53, 3: 22, 2: 16}"
aq01,int64,0.0,10,"{7: 2306, 4: 1583, 6: 426, 3: 294, 1: 237, 5: 205, -9: 103, 8: 64, 2: 17, -33: 11}"
xs13,int64,0.0,10,"{-15: 3243, 0: 1893, 1: 74, 2: 14, 3: 14, 4: 4, 5: 1, 7: 1, 6: 1, 12: 1}"
bik,int64,0.0,10,"{10: 1420, 7: 748, 8: 727, 4: 583, 9: 544, 5: 498, 3: 481, 6: 118, 2: 78, 1: 49}"
mg02,int64,0.0,11,"{-11: 1596, 4: 816, 3: 771, 2: 683, 5: 574, 6: 253, 1: 239, 7: 158, -8: 99, -9: 56}"
mg03,int64,0.0,11,"{-11: 1596, 7: 929, 6: 901, 5: 698, 4: 573, 3: 220, 2: 109, -8: 97, -9: 63, 1: 59}"
mg04,int64,0.0,11,"{-11: 1596, 5: 881, 4: 861, 6: 644, 3: 491, 7: 331, 2: 249, 1: 78, -8: 62, -9: 51}"
mm01,int64,0.0,11,"{-11: 1647, 1: 1022, 7: 543, 4: 529, 2: 457, 5: 319, 3: 295, 6: 236, -8: 123, -9: 73}"
mm02,int64,0.0,11,"{-11: 1647, 1: 954, 4: 629, 2: 515, 3: 494, 5: 350, 6: 235, 7: 227, -8: 121, -9: 72}"
mm03,int64,0.0,11,"{-11: 1647, 4: 700, 5: 574, 7: 552, 2: 434, 6: 411, 3: 391, 1: 381, -8: 94, -9: 60}"
mm04,int64,0.0,11,"{-11: 1647, 7: 650, 4: 596, 1: 533, 2: 473, 5: 437, 6: 397, 3: 338, -8: 107, -9: 64}"
de17,int64,0.0,11,"{-10: 4753, 3: 250, 1: 91, 7: 75, 2: 40, 5: 23, -9: 6, 4: 4, 6: 2, -42: 1}"
de18,int64,0.0,11,"{-10: 4051, 3: 354, 5: 236, 2: 197, 1: 195, 6: 126, 4: 43, 7: 22, -42: 15, -9: 6}"
scde18,int64,0.0,11,"{-10: 4607, 3: 234, 5: 124, 6: 90, 2: 73, 1: 61, 4: 23, 7: 14, -9: 10, -42: 8}"
peduc,int64,0.0,11,"{-10: 4223, 5: 431, 3: 336, 2: 112, 4: 99, 1: 15, -9: 11, 7: 7, 6: 6, -33: 4}"
pde18,int64,0.0,11,"{-10: 4973, 1: 74, 2: 63, 5: 47, 3: 46, 6: 25, 4: 6, 7: 5, -9: 4, -41: 2}"
pdw01,int64,0.0,11,"{-10: 4496, 5: 460, 6: 124, 3: 64, 4: 54, 7: 21, -9: 14, 2: 7, 8: 3, -41: 2}"
feduc,int64,0.0,11,"{2: 2160, 3: 963, 5: 862, -8: 523, 4: 276, 1: 192, -9: 137, 6: 63, -10: 60, -42: 8}"
meduc,int64,0.0,11,"{2: 2269, 3: 1280, 5: 666, -8: 420, 1: 225, 4: 175, -9: 134, 6: 57, -42: 11, -10: 8}"
fde01,int64,0.0,11,"{5: 1714, 11: 646, 9: 631, -8: 590, 1: 463, 6: 434, 10: 301, 50: 221, -9: 184, -10: 60}"
dh11a,int64,0.0,11,"{1: 2287, -10: 1263, 2: 772, 3: 647, 4: 195, 5: 40, -9: 20, 6: 11, 7: 6, 8: 4}"
dh04,int64,0.0,11,"{2: 2287, 1: 1181, 3: 772, 4: 647, 5: 195, -32: 102, 6: 40, 7: 11, 8: 6, 9: 4}"
hh8yborn,int64,0.0,11,"{-10: 5235, 2022: 2, 2007: 1, 2020: 1, 2016: 1, 2023: 1, 2011: 1, 2013: 1, 2018: 1, -9: 1}"
hh8age,int64,0.0,11,"{-10: 5235, 1: 2, 16: 1, 3: 1, 7: 1, 0: 1, 12: 1, 10: 1, 5: 1, -32: 1}"
vm17,int64,0.0,11,"{-11: 1647, 7: 1344, 6: 567, 4: 442, 5: 353, -8: 339, 1: 176, -9: 175, 3: 106, 2: 96}"
vm18,int64,0.0,11,"{-11: 1647, 1: 835, 4: 664, -8: 391, 2: 359, 7: 352, 5: 291, 3: 275, 6: 254, -9: 177}"
vm19,int64,0.0,11,"{-11: 1647, 7: 1540, 6: 769, 5: 372, -8: 288, 4: 279, 1: 146, 3: 73, -9: 68, 2: 59}"
vm20,int64,0.0,11,"{-11: 1647, 7: 747, 4: 594, 6: 539, 5: 461, 1: 377, -8: 364, 2: 242, 3: 199, -9: 73}"
vm21,int64,0.0,11,"{-11: 1647, 4: 862, 1: 548, -8: 494, 5: 367, 2: 340, 7: 318, 6: 311, 3: 284, -9: 72}"
rb07,int64,0.0,12,"{1: 2030, 2: 557, 3: 436, 8: 400, 7: 393, 6: 360, 5: 324, 10: 295, 4: 230, 9: 198}"
pa01,int64,0.0,12,"{5: 1381, 6: 1001, 3: 751, 4: 672, 7: 407, 2: 250, 8: 227, -9: 225, 1: 186, 9: 65}"
dw01a,int64,0.0,12,"{-10: 3306, 5: 1024, 6: 474, 4: 160, 3: 117, -9: 90, 2: 26, 1: 15, 8: 13, -41: 9}"
scdw01,int64,0.0,12,"{-10: 3661, 5: 985, 6: 277, 4: 116, 3: 110, 2: 41, -9: 36, -41: 6, 1: 5, 8: 5}"
mde01,int64,0.0,12,"{5: 1207, 1: 1130, 6: 1119, -8: 578, 11: 445, 9: 277, -9: 216, 10: 142, 50: 92, -33: 31}"
hh5kin,int64,0.0,12,"{-10: 4989, 3: 169, 5: 45, -9: 17, 4: 7, 16: 6, 7: 5, 6: 3, 1: 2, 12: 1}"
xs08,int64,0.0,12,"{-15: 3243, 0: 1452, 1: 370, 2: 106, 3: 44, 4: 13, 5: 7, 7: 4, 6: 3, 8: 2}"
rb14,int64,0.0,13,"{1: 1983, 2: 603, 3: 493, 6: 334, 5: 333, 7: 303, 4: 294, 8: 285, -6: 219, 10: 199}"
dw01,int64,0.0,13,"{-10: 2263, 5: 1900, 6: 482, 3: 194, 4: 190, 7: 73, 2: 62, -9: 47, 8: 13, 1: 13}"
ru01,int64,0.0,13,"{0: 1559, 5: 461, 2: 459, 3: 432, 8: 407, 7: 383, 10: 340, 6: 319, 1: 290, 4: 281}"
dk06,int64,0.0,13,"{-10: 2940, 2: 1011, 1: 868, 3: 290, 4: 95, 5: 21, -9: 8, -41: 5, 8: 3, 6: 2}"
ru02,int64,0.0,13,"{-10: 1805, 0: 1269, 5: 393, 2: 270, 3: 250, 1: 236, 7: 212, 8: 209, 6: 205, 4: 203}"
pv01,int64,0.0,13,"{1: 988, 2: 781, 4: 752, -8: 603, 42: 480, 3: 325, -7: 306, 6: 260, 91: 236, -50: 186}"
ls01,int64,0.0,13,"{8: 1506, 7: 998, 9: 868, 10: 533, 6: 416, 5: 413, 4: 174, 3: 120, 2: 81, -9: 81}"
hh6mborn,int64,0.0,14,"{-10: 3555, -15: 1656, 12: 5, 9: 5, 1: 4, 6: 4, 4: 4, 7: 3, 5: 3, 10: 2}"
xs09,int64,0.0,14,"{-15: 3243, 2: 863, 3: 416, 1: 295, 4: 203, 5: 103, 6: 55, 7: 33, 8: 23, 9: 7}"
mborn,int64,0.0,15,"{4: 485, 3: 464, 5: 457, 6: 446, 8: 442, 7: 439, 1: 427, 12: 422, 2: 421, 9: 410}"
scmborn,int64,0.0,15,"{-10: 2403, 9: 264, 1: 257, 3: 252, 5: 244, 11: 237, 6: 233, 10: 226, 2: 222, 4: 218}"
pmborn,int64,0.0,15,"{-10: 4223, 5: 99, 8: 94, 9: 94, 2: 87, 4: 86, 12: 84, 10: 82, 6: 80, 3: 78}"
hh2mborn,int64,0.0,15,"{-15: 1656, -10: 851, 3: 248, 9: 243, 5: 241, 4: 229, 1: 226, 6: 223, 8: 219, 2: 218}"
hh3mborn,int64,0.0,15,"{-10: 2354, -15: 1656, 9: 117, 3: 111, 1: 110, 8: 106, 5: 100, 6: 97, 10: 93, 7: 92}"
hh4kin,int64,0.0,15,"{-10: 4342, 3: 677, 5: 124, -9: 31, 4: 22, 16: 12, 8: 11, 11: 7, 2: 6, 1: 4}"
hh4mborn,int64,0.0,15,"{-10: 2919, -15: 1656, 9: 67, 8: 63, 12: 60, 6: 58, 10: 55, 5: 53, 7: 52, 3: 50}"
hh5mborn,int64,0.0,15,"{-10: 3403, -15: 1656, 7: 21, 1: 19, 5: 19, 8: 18, 11: 16, 10: 16, 6: 15, 4: 14}"
dh14,int64,0.0,15,"{1: 1631, 5: 1000, 3: 645, 4: 636, 2: 409, -32: 291, 6: 182, 15: 163, 8: 85, 7: 67}"
hh7age,int64,0.0,16,"{-10: 5224, -32: 4, 0: 3, 6: 2, 11: 2, 17: 1, 25: 1, 3: 1, 9: 1, 15: 1}"
hh2kin,int64,0.0,17,"{1: 2670, -10: 1283, 2: 595, 8: 291, 3: 198, 16: 76, -9: 55, 5: 22, 10: 16, 9: 9}"
dh13,int64,0.0,17,"{111: 1627, 211: 1061, 151: 664, 152: 490, 121: 293, 141: 253, -32: 216, 221: 146, 122: 115, 142: 102}"
land,int64,0.0,17,"{50: 886, 90: 694, 80: 556, 140: 464, 30: 434, 60: 355, 120: 310, 150: 270, 160: 231, 130: 230}"
fdw01,int64,0.0,18,"{6: 1695, 5: 1622, 3: 481, 4: 420, -54: 206, 1: 167, -9: 164, -8: 143, 2: 81, -50: 74}"
mdw01,int64,0.0,18,"{5: 1657, -56: 1546, 6: 1049, 3: 201, 8: 133, -9: 131, 4: 130, -8: 66, 1: 64, -51: 50}"
hh3kin,int64,0.0,18,"{-10: 3570, 3: 1231, 8: 188, 4: 79, 16: 42, 5: 41, -9: 36, 1: 25, 2: 9, 11: 5}"
hh7yborn,int64,0.0,18,"{-10: 5224, -9: 4, 2012: 2, 2023: 2, 2008: 1, 2022: 1, 2015: 1, 2010: 1, 2018: 1, 2009: 1}"
hh6age,int64,0.0,21,"{-10: 5184, 7: 6, 2: 6, 8: 6, 6: 4, 17: 4, -32: 4, 3: 4, 5: 4, 14: 3}"
dg10,int64,0.0,22,"{8: 809, 2: 556, 1: 483, 15: 460, 7: 428, 95: 427, 16: 297, 6: 296, 12: 262, 17: 245}"
hh6yborn,int64,0.0,22,"{-10: 5184, 2016: 6, 2021: 6, 2018: 5, 2015: 5, 2014: 5, -9: 4, 2012: 4, 2006: 4, 2019: 3}"
xt04,int64,0.0,24,"{16: 539, 15: 527, 10: 464, 14: 460, 17: 440, 13: 377, 11: 374, 18: 363, 9: 361, 12: 340}"
kh5age,int64,0.0,25,"{-10: 5212, -32: 9, 28: 2, 50: 2, 57: 1, 48: 1, 11: 1, 32: 1, 53: 1, 29: 1}"
xt07,int64,0.0,25,"{17: 539, 16: 506, 18: 481, 15: 450, 11: 436, 12: 401, 14: 393, 19: 359, 10: 346, 13: 330}"
kh5yborn,int64,0.0,26,"{-10: 5212, -41: 5, -9: 4, 1994: 2, 1972: 2, 1988: 1, 1966: 1, 1974: 1, 2012: 1, 1990: 1}"
dn02,int64,0.0,27,"{-10: 5070, -9: 28, 152: 21, 100: 18, 160: 16, 154: 11, 163: 8, 475: 8, 368: 7, 148: 6}"
di07c,int64,0.0,28,"{-32: 897, 13: 528, 14: 381, 15: 369, 9: 319, 11: 312, 12: 285, 16: 279, 10: 263, 8: 226}"
di08c,int64,0.0,28,"{-32: 926, 15: 541, 14: 410, 13: 404, 19: 377, 17: 363, 16: 311, 18: 229, 20: 226, 12: 226}"
incc,int64,0.0,30,"{15: 447, 13: 418, 14: 378, -9: 362, 19: 335, 16: 322, 17: 295, -50: 251, 9: 248, 20: 232}"
hhincc,int64,0.0,30,"{-9: 696, 19: 448, 23: 404, 20: 390, 21: 347, 24: 321, 22: 299, 15: 292, 17: 254, 16: 224}"
xt12a,int64,0.0,30,"{-15: 3590, 1: 205, 5: 173, 12: 147, 2: 110, 14: 110, 3: 82, 29: 77, 19: 65, 7: 63}"
di02b,int64,0.0,31,"{-10: 2986, -9: 565, 19: 185, 20: 170, 21: 157, 23: 150, 22: 136, -41: 136, 24: 117, 18: 98}"
di06,int64,0.0,31,"{-10: 2287, -9: 696, 19: 209, 20: 187, 21: 167, 23: 151, -32: 142, 22: 139, 15: 138, 16: 132}"
di02a,int64,0.0,32,"{-10: 2702, -9: 362, 14: 198, 15: 190, 13: 169, 16: 156, 19: 130, 9: 121, 18: 117, 12: 116}"
scdw02,int64,0.0,33,"{-10: 3661, 52: 407, 53: 353, 62: 170, 51: 111, 54: 90, 42: 56, 61: 49, 20: 48, -9: 36}"
pdw02,int64,0.0,33,"{-10: 4496, 52: 187, 53: 167, 62: 71, 51: 58, 20: 34, 61: 31, 54: 30, 42: 26, 50: 18}"
xt12,int64,0.0,33,"{27: 409, 26: 343, 28: 339, 29: 301, 30: 282, 11: 213, 2: 208, 12: 207, 9: 205, 10: 204}"
xt01,int64,0.0,34,"{27: 433, 26: 366, 28: 332, 29: 298, 30: 279, 11: 216, 2: 205, 12: 205, 8: 200, 9: 200}"
dw02a,int64,0.0,35,"{-10: 3306, 52: 408, 53: 342, 62: 269, 51: 174, -9: 90, 61: 81, 54: 73, 42: 69, 60: 53}"
meseg,int64,0.0,35,"{99: 1546, 1: 523, 71: 466, 51: 355, -32: 238, 33: 214, 32: 205, 25: 157, 72: 133, 73: 132}"
wghtht,float64,0.0,35,"{0.8481948678353836: 791, 0.8466295141816221: 657, 0.8315913065862114: 568, 0.7991161112025446: 413, 0.8450909095580141: 312, 1.6963897356707671: 310, 0.789612212945995: 275, 1.6932590283632443: 273, 0.0: 258, 1.6631826131724228: 253}"
wghthtew,float64,0.0,35,"{1.0565796448930596: 791, 1.0120626251650213: 657, 1.004940771102478: 568, 0.41416102694314644: 413, 0.4773561642194508: 312, 2.113159289786119: 310, 0.43554210421982625: 275, 2.0241252503300426: 273, 0.0: 258, 2.009881542204956: 253}"
sceseg,int64,0.0,36,"{-10: 2403, 80: 944, 99: 203, 1: 170, 21: 128, 51: 122, 33: 109, 32: 94, 71: 91, 13: 91}"
peseg,int64,0.0,36,"{-10: 4223, 80: 112, 91: 87, 1: 85, 33: 64, 51: 52, 21: 51, 99: 50, 71: 50, 32: 49}"
feseg,int64,0.0,37,"{1: 581, -32: 537, 63: 455, 31: 328, 65: 292, 13: 260, 21: 244, 61: 244, 33: 199, 64: 186}"
hh5yborn,int64,0.0,37,"{-10: 4989, 2011: 15, 2012: 15, 2016: 15, 2008: 15, -9: 14, 2021: 13, 2017: 13, 2018: 13, 2015: 12}"
hh5age,int64,0.0,37,"{-10: 4989, 12: 20, 6: 15, -32: 15, 14: 14, 2: 14, 8: 13, 16: 13, 1: 13, 9: 12}"
xi05,int64,0.0,37,"{-15: 3243, 12: 189, 5: 134, 9: 127, 6: 111, 16: 110, 7: 108, 4: 107, 17: 95, 13: 92}"
dw02,int64,0.0,38,"{-10: 2263, 52: 767, 53: 758, 62: 277, 51: 232, 54: 107, 42: 107, 20: 103, 61: 97, 22: 54}"
fdw02,int64,0.0,40,"{62: 954, 53: 571, 52: 535, 61: 315, -54: 206, 51: 194, 22: 184, 54: 171, 60: 165, -9: 164}"
dm06,int64,0.0,41,"{-10: 4798, 100: 136, 400: 29, 154: 25, 152: 24, 475: 23, -41: 21, 163: 17, 166: 16, 200: 14}"
mdw02,int64,0.0,41,"{-56: 1546, 52: 779, 51: 617, 62: 423, 61: 308, 60: 294, 53: 193, 30: 133, -9: 131, 20: 86}"
xt14a,int64,0.0,41,"{-15: 3590, 20230601: 204, 20230605: 136, 20230612: 128, 20230602: 110, 20230614: 96, 20230703: 82, 20230629: 77, 20230607: 63, 20230704: 59}"
dn01,int64,0.0,42,"{0: 4875, 100: 38, 163: 32, 166: 31, -9: 28, 137: 18, 152: 17, 475: 16, 154: 15, 400: 13}"
eseg,int64,0.0,43,"{82: 317, 33: 305, 83: 289, 99: 277, 91: 256, 21: 248, 51: 240, 86: 236, 1: 234, 71: 202}"
xi03,int64,0.0,43,"{-15: 3243, 61: 154, 73: 146, 75: 116, 71: 113, 72: 111, 66: 105, 69: 95, 67: 95, 54: 90}"
fdm01,int64,0.0,45,"{0: 3825, 996: 504, 100: 256, 163: 77, -9: 65, 152: 57, -8: 46, 400: 36, 154: 36, 151: 36}"
mdm01,int64,0.0,47,"{0: 3868, 996: 512, 100: 245, 163: 76, -9: 71, 152: 63, 400: 41, 154: 39, 475: 25, -8: 22}"
kh4age,int64,0.0,47,"{-10: 5117, -32: 17, 35: 6, 52: 6, 39: 5, 33: 5, 26: 5, 20: 4, 30: 4, 44: 4}"
hh4age,int64,0.0,48,"{-10: 4342, -32: 54, 5: 48, 15: 46, 18: 45, 7: 45, 13: 45, 3: 38, 6: 38, 4: 37}"
kh4yborn,int64,0.0,48,"{-10: 5117, -9: 12, 1970: 7, 1983: 6, 2002: 6, 1989: 5, 1987: 5, 1996: 5, -41: 5, 1990: 4}"
hh4yborn,int64,0.0,52,"{-10: 4342, -9: 54, 2016: 44, 2018: 43, 2017: 42, 2012: 40, 2007: 39, 2005: 39, 2015: 38, 2021: 37}"
psiops88,int64,0.0,54,"{-10: 4496, -32: 70, 60: 64, 46: 52, 50: 47, 44: 39, 57: 34, 42: 31, 53: 28, 37: 25}"
kh3age,int64,0.0,54,"{-10: 4827, -32: 27, 34: 23, 33: 18, 30: 17, 29: 16, 35: 15, 36: 15, 31: 13, 38: 13}"
pisei88,int64,0.0,57,"{-10: 4496, 69: 98, -32: 70, 51: 54, 38: 51, 55: 28, 33: 27, 56: 24, 29: 23, 30: 21}"
siops88,int64,0.0,59,"{-10: 2263, 60: 247, -32: 205, 50: 180, 46: 178, 49: 153, 53: 149, 44: 127, 32: 109, 42: 108}"
siops88a,int64,0.0,59,"{-10: 3306, 60: 160, -32: 135, 46: 119, 32: 117, 44: 101, 50: 86, 37: 78, 49: 75, 53: 72}"
scsiop88,int64,0.0,59,"{-10: 3661, -32: 150, 60: 128, 50: 97, 49: 84, 46: 76, 37: 73, 32: 66, 42: 63, 53: 62}"
msiops88,int64,0.0,59,"{-10: 1861, -32: 514, 32: 344, 37: 172, 60: 167, 53: 155, 44: 155, 49: 150, 38: 150, 21: 134}"
kh3yborn,int64,0.0,59,"{-10: 4827, 1988: 22, -9: 21, 1994: 19, 1990: 17, 1989: 16, 1991: 16, 1986: 15, 1992: 15, 1984: 13}"
isei88a,int64,0.0,60,"{-10: 3306, 69: 183, 51: 159, -32: 135, 43: 109, 38: 101, 30: 95, 39: 75, 56: 66, 29: 64}"
scisei88,int64,0.0,60,"{-10: 3661, 69: 172, -32: 150, 51: 142, 38: 82, 39: 68, 30: 66, 43: 58, 56: 50, 71: 47}"
misei88,int64,0.0,60,"{-10: 1861, -32: 514, 43: 331, 51: 255, 38: 233, 16: 185, 69: 181, 23: 154, 39: 152, 30: 142}"
dw37,float64,0.0,61,"{-10.0: 4855, 10.0: 62, 20.0: 48, 8.0: 27, 15.0: 26, 12.0: 21, 6.0: 18, 5.0: 16, 7.0: 13, 30.0: 13}"
fsiops88,int64,0.0,61,"{-10: 598, -32: 564, 60: 328, 38: 307, 40: 244, 34: 238, 31: 226, 44: 218, 46: 214, 42: 171}"
xt05,int64,0.0,61,"{0: 709, 30: 365, 5: 194, 15: 187, 45: 183, 10: 169, -9: 142, 50: 136, 20: 127, 55: 125}"
xt08,int64,0.0,61,"{0: 463, 30: 352, 45: 239, 10: 220, 15: 220, 20: 158, 5: 152, 50: 148, 35: 145, 40: 143}"
isei88,int64,0.0,63,"{-10: 2263, 69: 353, 51: 271, -32: 205, 38: 183, 56: 137, 43: 120, 30: 108, 53: 92, 52: 91}"
fisei88,int64,0.0,63,"{-10: 598, -32: 564, 30: 425, 69: 358, 33: 284, 23: 281, 29: 269, 51: 227, 34: 202, 67: 138}"
kh2age,int64,0.0,66,"{-10: 3816, 36: 58, 35: 58, 37: 56, 33: 52, -32: 50, 32: 49, 41: 49, 40: 47, 42: 46}"
kh2yborn,int64,0.0,67,"{-10: 3816, 1987: 57, 1986: 56, 1981: 54, 1985: 52, 1988: 52, 1989: 50, 1990: 50, 1982: 46, 1980: 46}"
dw12a,int64,0.0,69,"{-10: 3006, -50: 300, 63: 194, 65: 182, 64: 174, 60: 165, 62: 111, 66: 103, -32: 79, 61: 78}"
dw12b,int64,0.0,72,"{-10: 3006, -50: 300, 1: 140, 2: 118, 3: 112, 4: 104, 6: 82, 8: 82, 5: 79, 9: 76}"
dw19,int64,0.0,73,"{-10: 4709, 52: 62, 13: 53, 8: 50, 26: 48, 4: 33, 104: 27, 17: 23, 34: 19, -9: 16}"
dw12,int64,0.0,73,"{-10: 3006, -50: 300, 2022: 140, 2021: 118, 2020: 112, 2019: 104, 2017: 82, 2015: 82, 2018: 79, 2014: 76}"
kh1age,int64,0.0,73,"{-10: 2948, 41: 76, 42: 75, 35: 74, 33: 74, -32: 73, 40: 72, 36: 71, 34: 70, 32: 69}"
scage,int64,0.0,75,"{-10: 2403, 61: 81, 59: 80, 63: 79, 55: 78, 54: 78, 64: 75, 65: 75, 57: 71, 67: 68}"
page,int64,0.0,75,"{-10: 4223, 24: 41, 27: 38, 29: 36, 34: 34, 33: 32, 26: 29, 28: 29, 42: 28, 23: 27}"
kh1yborn,int64,0.0,75,"{-10: 2948, 1990: 78, 1986: 76, 1981: 74, 1984: 72, 1982: 72, 1987: 71, 1989: 71, 1980: 71, -9: 67}"
rd21,int64,0.0,77,"{-10: 3987, 1990: 63, 2022: 56, 2021: 56, 2020: 44, 2023: 41, 2000: 40, 2015: 35, 2018: 34, 2013: 34}"
scyborn,int64,0.0,77,"{-10: 2403, 1959: 81, 1968: 79, 1964: 79, 1967: 77, 1956: 75, 1961: 75, 1962: 71, 1958: 69, 1965: 68}"
pyborn,int64,0.0,77,"{-10: 4223, 1998: 39, 1996: 37, 1993: 34, 1995: 33, 1988: 31, 1994: 30, 1989: 30, 1991: 28, 1986: 27}"
hh3age,int64,0.0,78,"{-10: 3570, 18: 81, 19: 80, -32: 74, 17: 72, 11: 59, 9: 54, 8: 53, 14: 53, 7: 53}"
yborn,int64,0.0,80,"{1963: 134, 1964: 119, 1969: 119, 1961: 115, 1952: 110, 1965: 107, 1967: 105, 1960: 103, 1959: 100, 1966: 100}"
age,int64,0.0,80,"{59: 138, 60: 117, 54: 111, 57: 108, 62: 107, 64: 102, 55: 101, 58: 99, 61: 99, 56: 98}"
hh3yborn,int64,0.0,80,"{-10: 3570, 2005: 82, -9: 74, 2004: 73, 2003: 68, 2012: 61, 2007: 61, 2006: 59, 2010: 57, 2015: 56}"
dm02,int64,0.0,82,"{-10: 4586, 2022: 40, 1945: 34, 2015: 27, 1990: 22, 2016: 21, 2021: 21, 1989: 19, 2018: 18, 2019: 16}"
dm03,int64,0.0,82,"{-10: 4586, 1: 40, 78: 34, 8: 27, 33: 22, 7: 21, 2: 21, 34: 19, 5: 18, 4: 16}"
dw23,int64,0.0,85,"{-10: 4918, -9: 42, 520: 30, 104: 29, 52: 26, 26: 18, 156: 10, 8: 10, -41: 9, 4: 8}"
dh17,int64,0.0,97,"{59: 117, -32: 115, 18: 105, 64: 102, 60: 102, 1: 93, 67: 92, 19: 90, 57: 89, 70: 89}"
hh2age,int64,0.0,99,"{-10: 1283, 55: 103, -32: 100, 54: 98, 59: 97, 58: 91, 64: 87, 61: 87, 57: 87, 53: 85}"
hh2yborn,int64,0.0,100,"{-10: 1283, 1964: 112, -9: 99, 1968: 95, 1969: 95, 1967: 93, 1959: 91, 1961: 87, 1956: 86, 1965: 83}"
dw15,float64,0.0,114,"{-10.0: 2263, 40.0: 742, 30.0: 200, 45.0: 178, 50.0: 172, 39.0: 160, 35.0: 150, 38.0: 110, 20.0: 110, 42.0: 88}"
xt03,int64,0.0,133,"{20230526: 292, 20230527: 221, 20230530: 209, 20230529: 198, 20230627: 170, 20230528: 168, 20230531: 152, -32: 144, 20230609: 141, 20230611: 127}"
xt14,int64,0.0,134,"{20230526: 265, 20230527: 209, 20230530: 205, 20230529: 196, 20230528: 169, 20230531: 161, 20230627: 159, 20230609: 147, 20230612: 127, 20230610: 125}"
psiops08,float64,0.0,137,"{-10.0: 4496, -32.0: 84, 44.0: 32, 42.78: 28, 48.81: 24, 62.63: 22, 49.0: 22, 51.0: 21, 42.09: 20, 45.94: 17}"
xi01,int64,0.0,147,"{-15: 3243, 52: 50, 98: 45, 87: 42, 71: 37, 107: 36, 131: 36, 121: 36, 81: 36, 23: 35}"
msiops08,float64,0.0,159,"{-10.0: 1861, -32.0: 554, 42.78: 333, 42.09: 183, 44.0: 147, 20.0: 134, 43.53: 132, 49.0: 105, 62.63: 104, 43.81: 88}"
pisco88,int64,0.0,162,"{-10: 4496, -9: 59, 2320: 24, 3419: 23, 3231: 21, 2419: 21, 3320: 19, 1300: 18, 2149: 18, 4190: 16}"
scsiop08,float64,0.0,164,"{-10.0: 3661, -32.0: 161, 44.0: 64, 42.09: 58, 49.0: 57, 42.78: 49, 51.0: 48, 62.63: 43, 48.81: 40, 45.94: 33}"
siops08a,float64,0.0,173,"{-10.0: 3306, -32.0: 138, 42.78: 129, 44.0: 75, 62.63: 73, 42.09: 73, 34.0: 59, 49.0: 56, 48.81: 50, 45.94: 47}"
siops08,float64,0.0,175,"{-10.0: 2263, -32.0: 212, 44.0: 133, 49.0: 118, 42.78: 106, 51.0: 105, 48.81: 88, 42.09: 87, 54.64: 64, 62.63: 61}"
di01b,int64,0.0,179,"{-15: 1656, -7: 900, -10: 831, 5000: 120, 4000: 113, 3000: 104, 4500: 100, 3500: 96, -9: 82, 6000: 71}"
fsiops08,float64,0.0,185,"{-32.0: 637, -10.0: 598, 45.94: 254, 43.53: 239, 34.0: 122, 33.0: 112, 39.96: 101, 30.76: 87, 54.64: 82, 44.0: 81}"
pisei08,float64,0.0,186,"{-10.0: 4496, -32.0: 84, 28.48: 24, 56.0: 23, 82.41: 22, 43.33: 20, 52.72: 19, 74.66: 15, 73.91: 13, 54.55: 13}"
xs11,int64,0.0,191,"{90: 174, 91: 101, 184: 100, 135: 93, 187: 84, 89: 79, 171: 73, 14: 63, 10: 48, 113: 41}"
scisco88,int64,0.0,200,"{-10: 3661, -9: 119, 2320: 55, 1300: 52, 4190: 51, 2419: 40, 5220: 37, 3231: 35, 3320: 32, 5132: 32}"
pisco08,int64,0.0,213,"{-10: 4496, -9: 59, 5223: 24, -33: 23, 3221: 23, 2330: 22, 4110: 20, 3412: 19, 3343: 13, 3322: 12}"
isco88a,int64,0.0,218,"{-10: 3306, -9: 97, 5220: 91, 2320: 84, 4190: 56, 3231: 45, 1300: 38, 3320: 34, 3431: 33, 3433: 31}"
scisei08,float64,0.0,220,"{-10.0: 3661, -32.0: 161, 43.33: 58, 56.0: 46, 52.72: 45, 28.48: 44, 82.41: 43, 74.66: 34, 40.54: 24, 73.91: 22}"
misco88,int64,0.0,223,"{-10: 1861, -9: 309, 5220: 297, -33: 184, 4190: 127, 2320: 121, 3231: 120, 9132: 116, 3433: 92, 6100: 88}"
isco88,int64,0.0,234,"{-10: 2263, -9: 160, 2419: 86, 2320: 82, 2446: 75, 3320: 75, 3231: 73, 5220: 73, 1300: 71, 4190: 60}"
isei08a,float64,0.0,234,"{-10.0: 3306, -32.0: 138, 28.48: 112, 82.41: 73, 43.33: 73, 56.0: 52, 52.72: 42, 65.01: 34, 40.54: 31, 31.72: 27}"
misei08,float64,0.0,238,"{-10.0: 1861, -32.0: 554, 28.48: 323, 43.33: 183, 56.0: 130, 14.21: 123, 82.41: 104, 52.72: 91, 55.25: 88, 17.79: 86}"
fisco88,int64,0.0,245,"{-10: 598, -9: 413, 6100: 174, 1300: 118, 7214: 108, 8322: 103, 2320: 102, -33: 101, 7233: 96, 7122: 90}"
di05,int64,0.0,245,"{-15: 1656, -7: 1085, 5000: 129, 3000: 120, 4000: 120, 3500: 111, 4500: 103, -9: 96, -32: 91, 2500: 78}"
isei08,float64,0.0,249,"{-10.0: 2263, -32.0: 212, 28.48: 99, 56.0: 95, 52.72: 89, 43.33: 87, 74.66: 79, 82.41: 61, 73.91: 56, 57.03: 47}"
hhinc,int64,0.0,262,"{-9: 696, 5500: 215, 3250: 212, 3750: 188, 4250: 169, -32: 142, 4750: 139, 2125: 138, 2375: 132, 2875: 131}"
scisco08,int64,0.0,263,"{-10: 3661, -9: 119, 4110: 58, 3221: 46, 3412: 45, 5223: 44, 2330: 43, -33: 36, 3122: 24, 2144: 19}"
misco08,int64,0.0,270,"{-10: 1861, 5223: 323, -9: 309, -33: 226, 4110: 184, 3221: 131, 9112: 125, 2330: 104, 3412: 91, 6130: 88}"
fisei08,float64,0.0,272,"{-32.0: 637, -10.0: 598, 17.79: 178, 40.54: 165, 33.16: 101, 25.95: 90, 37.83: 89, 30.34: 84, 82.41: 80, 22.57: 79}"
isco08a,int64,0.0,280,"{-10: 3306, 5223: 111, -9: 97, 2330: 73, 4110: 73, 3221: 52, 3412: 42, -33: 32, 3122: 31, 7233: 27}"
isco08,int64,0.0,307,"{-10: 2263, -9: 160, 3221: 95, 5223: 95, 3412: 89, 4110: 87, 2330: 61, 2512: 50, 3322: 47, -33: 46}"
fisco08,int64,0.0,317,"{-10: 598, -9: 413, -33: 222, 6130: 178, 3122: 165, 7222: 101, 8332: 90, 3123: 88, 8322: 84, 2330: 80}"
di01a,int64,0.0,336,"{-15: 1656, -7: 815, -50: 201, 2000: 122, 2500: 115, 3000: 111, 1500: 102, 1800: 80, 2300: 73, 1300: 71}"
inc,int64,0.0,352,"{-9: 362, -50: 251, 1875: 198, 2125: 190, 1625: 169, 2375: 156, 3250: 134, 2000: 122, 1063: 121, 2875: 117}"
di07,int64,0.0,375,"{-32: 897, 1625: 173, 1875: 151, 2125: 147, 1500: 134, 2000: 124, 1188: 123, 1063: 119, 2375: 112, 1438: 112}"
di08,int64,0.0,579,"{-32: 926, 2500: 145, 2167: 130, 2000: 114, 3667: 88, 2833: 84, 3333: 80, 2125: 80, 1750: 78, 1875: 71}"
xt10,int64,0.0,581,"{-32: 220, 60: 216, 75: 153, 45: 132, 70: 127, 55: 126, 90: 119, 65: 118, 50: 110, 30: 90}"
xt06,float64,0.0,936,"{-32.0: 142, 15.0: 81, 16.0: 79, 10.0: 72, 11.0: 66, 14.0: 66, 18.0: 55, 17.0: 53, 12.0: 50, 13.0: 42}"
xt09,float64,0.0,958,"{-32.0: 70, 16.0: 51, 18.0: 43, 17.3: 42, 12.0: 42, 14.0: 41, 17.0: 39, 15.3: 39, 11.0: 39, 15.0: 37}"
respid,int64,0.0,5246,"{1: 1, 3485: 1, 3503: 1, 3502: 1, 3501: 1, 3500: 1, 3499: 1, 3498: 1, 3497: 1, 3496: 1}"
